disease,method,seed,fold,npos,auroc,auprc
endometriosis,meta_abs_z,0,0,1389,0.5017567776569314,0.09770909531102348
endometriosis,rwr,0,0,1389,0.7772615472116066,0.36472121423289067
endometriosis,logreg,0,0,1389,0.7106243576567317,0.2061223556542351
endometriosis,mlp,0,0,1389,0.7124154351969187,0.1992846655444923
endometriosis,gcn,0,0,1389,0.7887831898143066,0.31621223845644864
endometriosis,sage,0,0,1389,0.7937728873766451,0.3253114469868879
endometriosis,sage_rwr,0,0,1389,0.7765842804258674,0.3444685104709839
endometriosis,meta_abs_z,0,1,1389,0.4635922330097087,0.08799888506312552
endometriosis,rwr,0,1,1389,0.7514904858360192,0.28593537595245516
endometriosis,logreg,0,1,1389,0.6555505941987048,0.1473289726738793
endometriosis,mlp,0,1,1389,0.6645471417595465,0.14938332924192382
endometriosis,gcn,0,1,1389,0.7638559055668087,0.25935081721509246
endometriosis,sage,0,1,1389,0.7678159829972362,0.260631983856684
endometriosis,sage_rwr,0,1,1389,0.7503617078597871,0.27602211662337245
endometriosis,meta_abs_z,0,2,1389,0.47845094243606506,0.08508101246166087
endometriosis,rwr,0,2,1389,0.7709073379299334,0.2945170452994373
endometriosis,logreg,0,2,1389,0.6775287121204562,0.15848325406342575
endometriosis,mlp,0,2,1389,0.6921516878037098,0.16920445256917604
endometriosis,gcn,0,2,1389,0.7838465011624541,0.28479220684911616
endometriosis,sage,0,2,1389,0.7870975064608506,0.2775009088523769
endometriosis,sage_rwr,0,2,1389,0.7691249912691205,0.28175223452033854
endometriosis,meta_abs_z,0,3,1389,0.5071512138416867,0.09202123342983923
endometriosis,rwr,0,3,1389,0.7825187838633392,0.3308208592897509
endometriosis,logreg,0,3,1389,0.7059807770981551,0.18564004190918926
endometriosis,mlp,0,3,1389,0.7129031171733903,0.19267876081394258
endometriosis,gcn,0,3,1389,0.778614209880362,0.3217350805119819
endometriosis,sage,0,3,1389,0.7792110278490108,0.3278153380137716
endometriosis,sage_rwr,0,3,1389,0.7793993653897964,0.32574735740867516
endometriosis,meta_abs_z,0,4,1389,0.45164407636806075,0.08175474315141959
endometriosis,rwr,0,4,1389,0.7793277487645017,0.3266432530781313
endometriosis,logreg,0,4,1389,0.7078046686060777,0.18781357538684562
endometriosis,mlp,0,4,1389,0.7136178943204635,0.19189332051607527
endometriosis,gcn,0,4,1389,0.7685487464762639,0.28703869689753064
endometriosis,sage,0,4,1389,0.7689255296244186,0.27308988506440024
endometriosis,sage_rwr,0,4,1389,0.7734807252261952,0.3137526423489503
endometriosis,meta_abs_z,1,0,1389,0.47266548758219507,0.08475874437432611
endometriosis,rwr,1,0,1389,0.7802793133038646,0.34890865523823195
endometriosis,logreg,1,0,1389,0.6953677695846097,0.18092888354130462
endometriosis,mlp,1,0,1389,0.7034700256438401,0.19045617122758987
endometriosis,gcn,1,0,1389,0.7898863987866572,0.30803120260860933
endometriosis,sage,1,0,1389,0.7889596783045131,0.33762632946568993
endometriosis,sage_rwr,1,0,1389,0.7716762789491014,0.3321458496911647
endometriosis,meta_abs_z,1,1,1389,0.4706948033805965,0.08643192504780298
endometriosis,rwr,1,1,1389,0.7675652820323491,0.31471966832989806
endometriosis,logreg,1,1,1389,0.6670210987936419,0.17118830487775344
endometriosis,mlp,1,1,1389,0.6619621778305511,0.17052870796773095
endometriosis,gcn,1,1,1389,0.7647726479010967,0.2952376768113463
endometriosis,sage,1,1,1389,0.7693102106387013,0.2858428990361312
endometriosis,sage_rwr,1,1,1389,0.7622020275596444,0.29111366076060424
endometriosis,meta_abs_z,1,2,1389,0.494524491363913,0.09456559313131083
endometriosis,rwr,1,2,1389,0.7652759207335935,0.31812861089629935
endometriosis,logreg,1,2,1389,0.6616042117762102,0.16141581832092297
endometriosis,mlp,1,2,1389,0.6738623664175456,0.17022982413078724
endometriosis,gcn,1,2,1389,0.7696164150510383,0.2768755144841912
endometriosis,sage,1,2,1389,0.757065775950668,0.2768208185999269
endometriosis,sage_rwr,1,2,1389,0.7503966313772837,0.29593140282580727
endometriosis,meta_abs_z,1,3,1389,0.5000261926381224,0.09456721654944691
endometriosis,rwr,1,3,1389,0.7675983346471228,0.30581557171873014
endometriosis,logreg,1,3,1389,0.7154157395304284,0.18905481366531052
endometriosis,mlp,1,3,1389,0.7164222851954221,0.18514474932544484
endometriosis,gcn,1,3,1389,0.7706871950428562,0.29409835509606297
endometriosis,sage,1,3,1389,0.7770120935152018,0.28555074169269096
endometriosis,sage_rwr,1,3,1389,0.7597324359652361,0.28073655586227897
endometriosis,meta_abs_z,1,4,1389,0.46659398048238254,0.08156855235319971
endometriosis,rwr,1,4,1389,0.7947789872669828,0.31896072440356193
endometriosis,logreg,1,4,1389,0.719319086507408,0.17809702266129765
endometriosis,mlp,1,4,1389,0.732351902942664,0.18868594033603397
endometriosis,gcn,1,4,1389,0.7874442335905305,0.29024040683875235
endometriosis,sage,1,4,1389,0.7992352929395095,0.2998337932990923
endometriosis,sage_rwr,1,4,1389,0.7846315035775623,0.28435858598908703
