disease,gene,score,known_ot,mu,z,p,q,I2,k
endometriosis,GCK,0.7285394,False,0.43463,3.751,0.0001761,0.0079975,0.0,7.0
endometriosis,PAX5,0.44084606,False,0.44795,3.8639,0.00011157,0.0060198,0.0,7.0
endometriosis,ARRB2,0.2791448,False,0.46648,3.1225,0.0017932,0.035887,0.22835,7.0
endometriosis,MPPED1,0.15421133,False,0.4183,2.9888,0.0028003,0.047469,0.16508,7.0
endometriosis,PKD2L1,0.1022929,False,0.62653,5.344,9.0896e-08,8.0121e-05,0.0,7.0
endometriosis,YWHAB,0.060119916,False,-0.58978,-2.9725,0.0029542,0.049277,0.50107,7.0
endometriosis,GRM2,0.037804853,False,0.41346,3.5789,0.00034504,0.01239,0.0,7.0
endometriosis,ANK1,0.026005005,False,0.78013,3.45,0.00056063,0.017423,0.56517,6.0
endometriosis,SH3KBP1,0.024741575,False,0.50629,4.2098,2.5558e-05,0.0025158,0.0,6.0
endometriosis,TSHB,0.016575651,False,0.38451,3.3332,0.00085853,0.022623,0.0,7.0
endometriosis,CPA4,0.009980033,False,0.51727,4.442,8.9107e-06,0.0012969,0.0,7.0
endometriosis,RBBP4,0.008716758,False,-0.54707,-4.322,1.5465e-05,0.0019224,0.066375,7.0
endometriosis,PICK1,0.007965406,False,0.56599,4.8635,1.1535e-06,0.00034952,0.0,7.0
endometriosis,RBP2,0.006785368,False,0.46058,3.8477,0.00011925,0.0061996,0.0,6.0
endometriosis,PRKACG,0.0056142886,False,0.52957,4.5556,5.2235e-06,0.0009379,0.0,7.0
endometriosis,LEF1,0.0054724826,False,-0.40803,-3.5256,0.00042257,0.014529,0.0,7.0
endometriosis,AP1B1,0.004718833,False,0.44147,3.8146,0.00013638,0.0067468,0.0,7.0
endometriosis,TAF1,0.003774117,False,-0.6027,-5.1455,2.6679e-07,0.00014723,0.0,7.0
endometriosis,AQP7,0.003696649,False,0.62821,4.5152,6.3262e-06,0.0010856,0.14758,7.0
endometriosis,S1PR5,0.0023465713,False,0.44645,3.8524,0.00011696,0.00618,0.0,7.0
endometriosis,SIAH1,0.0018318021,False,-0.46789,-3.3039,0.00095351,0.023924,0.17923,7.0
endometriosis,UBE2D1,0.0016069211,False,-0.58472,-3.5012,0.00046315,0.015647,0.33569,7.0
endometriosis,CARMIL2,0.001585822,False,0.57143,4.7364,2.1754e-06,0.0005208,0.0,6.0
endometriosis,VASP,0.0014920646,False,0.39717,3.4368,0.00058867,0.017781,0.0,7.0
endometriosis,GNB5,0.0014851941,False,-0.34951,-3.0286,0.0024572,0.043357,0.0,7.0
endometriosis,SAA2-SAA4,0.0013398812,False,0.36949,3.1034,0.0019129,0.037282,0.0,6.0
endometriosis,SMAD9,0.0011680281,False,-0.51485,-4.429,9.4678e-06,0.0013401,0.0,7.0
endometriosis,GNB3,0.001132448,False,0.4713,4.0587,4.9354e-05,0.003667,0.0,7.0
endometriosis,SELPLG,0.0011140296,False,0.37673,3.2679,0.0010836,0.026136,0.0,7.0
endometriosis,GNG7,0.0010744244,False,0.72999,4.2208,2.4345e-05,0.0024691,0.35457,7.0
