gsm,label,url,sha256,title,characteristics
GSM1148101,control,https://www.ncbi.nlm.nih.gov/geo/query/acc.cgi?acc=GSM1148101&targ=self&form=text&view=full,d7aa4c5ffebfce39fb9b53ccb5e6ee953d2b1b4ec01d50a7d6e61a2aceaea3ae,euESCa1 expression,gender: female | tissue: eutopic endometrium | cell type: eutopic endometrial stromal cells | disease status: non-endometriosis
GSM1148102,control,https://www.ncbi.nlm.nih.gov/geo/query/acc.cgi?acc=GSM1148102&targ=self&form=text&view=full,8d5c4b5dafa61f6eb3bda0ba221804df226a75979a3971bd57c66761bcd76523,euESCa2 expression,gender: female | tissue: eutopic endometrium | cell type: eutopic endometrial stromal cells | disease status: non-endometriosis
GSM1148103,control,https://www.ncbi.nlm.nih.gov/geo/query/acc.cgi?acc=GSM1148103&targ=self&form=text&view=full,b480a56eea9299533e0662abf612fbfc4d6485d6040f35518b47de02d2914b98,euESCa3 expression,gender: female | tissue: eutopic endometrium | cell type: eutopic endometrial stromal cells | disease status: non-endometriosis
GSM1148104,case,https://www.ncbi.nlm.nih.gov/geo/query/acc.cgi?acc=GSM1148104&targ=self&form=text&view=full,9afff36cf20816dfc7fc33b0cc98b76381e41418700e2e282157bf9c1efbdc66,euESCb1 expression,gender: female | tissue: eutopic endometrium | cell type: eutopic endometrial stromal cells | disease status: endometriosis
GSM1148105,case,https://www.ncbi.nlm.nih.gov/geo/query/acc.cgi?acc=GSM1148105&targ=self&form=text&view=full,7c8842c4d928fdf7d67c44656c95e3658a7592a0e7adda4706651de86788426a,euESCb2 expression,gender: female | tissue: eutopic endometrium | cell type: eutopic endometrial stromal cells | disease status: endometriosis
GSM1148106,case,https://www.ncbi.nlm.nih.gov/geo/query/acc.cgi?acc=GSM1148106&targ=self&form=text&view=full,2867d45a7441bd85ca6bccbc99365946318b8f4e100fa8fd88a8ed8b77bda82b,euESCb3 expression,gender: female | tissue: eutopic endometrium | cell type: eutopic endometrial stromal cells | disease status: endometriosis
GSM1148107,case,https://www.ncbi.nlm.nih.gov/geo/query/acc.cgi?acc=GSM1148107&targ=self&form=text&view=full,4b2f2cbf48f0b79f06e8c36f5b7b97abe446b968258118893946bbd9dc9e3f42,choESC1 expression,gender: female | tissue: ovarian chocolate cyst | cell type: ectopic endometrial stromal cells | disease status: endometriosis
GSM1148108,case,https://www.ncbi.nlm.nih.gov/geo/query/acc.cgi?acc=GSM1148108&targ=self&form=text&view=full,0a94140b2cf7a33d7762a096cfb439e920e14cfae9ff209a56a25b1dd87596a5,choESC2 expression,gender: female | tissue: ovarian chocolate cyst | cell type: ectopic endometrial stromal cells | disease status: endometriosis
GSM1148109,case,https://www.ncbi.nlm.nih.gov/geo/query/acc.cgi?acc=GSM1148109&targ=self&form=text&view=full,0009520ab574ddfcd6529b26613329a0e1ccd73aed55a911cd7dd0aa5f108f3e,choESC3 expression,gender: female | tissue: ovarian chocolate cyst | cell type: ectopic endometrial stromal cells | disease status: endometriosis
