gsm,url,sha256,title,description,characteristics,historical_label
GSM190395,https://www.ncbi.nlm.nih.gov/geo/query/acc.cgi?acc=GSM190395&targ=self&form=text&view=full,4f7bab7114c0dc99be677963db657a6e9048ca2e77813c80f100abec87e498c1,"eutopic endometrium from patients with endometriosis, biological rep1",Gene expression data from ectopic endometrium,endothelium from a patient with endometriosis,case
GSM190396,https://www.ncbi.nlm.nih.gov/geo/query/acc.cgi?acc=GSM190396&targ=self&form=text&view=full,09089e109bd093dab89f33cc45362016f284bac3c5c64260aae56e62972a872c,"eutopic endometrium from patients with endometriosis, biological rep2",Gene expression data from ectopic endometrium,endothelium from a patient with endometriosis,case
GSM190397,https://www.ncbi.nlm.nih.gov/geo/query/acc.cgi?acc=GSM190397&targ=self&form=text&view=full,06171a3178ea7306ba58eabd4d248ee0d76ee4dd8176aeaee48452c4818c1f06,"eutopic endometrium from patients with endometriosis, biological rep3",Gene expression data from ectopic endometrium,endothelium from a patient with endometriosis,case
GSM190398,https://www.ncbi.nlm.nih.gov/geo/query/acc.cgi?acc=GSM190398&targ=self&form=text&view=full,8916ff48ed4e9a0fac435a068c621f3589957e4188472fdca424d5de5132e7e5,"eutopic endometrium from patients with endometriosis, biological rep4",Gene expression data from ectopic endometrium,endothelium from a patient with endometriosis,case
GSM190399,https://www.ncbi.nlm.nih.gov/geo/query/acc.cgi?acc=GSM190399&targ=self&form=text&view=full,9907a0ec7e3212de1beeeab5cdb49b37ac2dfcdfa9a42fd5bbe394a72a7471f3,"eutopic endometrium from patients with endometriosis, biological rep5",Gene expression data from ectopic endometrium,endothelium from a patient with endometriosis,case
GSM190400,https://www.ncbi.nlm.nih.gov/geo/query/acc.cgi?acc=GSM190400&targ=self&form=text&view=full,d774ef5b97d6f5512ef85480e8d021d894ffe315e9ae027d695808d97db835b9,"eutopic endometrium from patients without endometriosis, biological rep1",Gene expression data from eutopic endometrium,endothelium from normal control,control
GSM190401,https://www.ncbi.nlm.nih.gov/geo/query/acc.cgi?acc=GSM190401&targ=self&form=text&view=full,82d98eccc11287179279afbd15cc735292a174ccd04a15c40d6b8e22ed1b632f,"eutopic endometrium from patients without endometriosis, biological rep2",Gene expression data from eutopic endometrium,endothelium from normal control,control
GSM190402,https://www.ncbi.nlm.nih.gov/geo/query/acc.cgi?acc=GSM190402&targ=self&form=text&view=full,c00dfef4e80ae094a02d42d5276b6a0256d21f39d314c7d0b3cabff0c322fcfd,"eutopic endometrium from patients without endometriosis, biological rep3",Gene expression data from eutopic endometrium,endothelium from normal control,control
GSM190403,https://www.ncbi.nlm.nih.gov/geo/query/acc.cgi?acc=GSM190403&targ=self&form=text&view=full,ac9223601f890290d975b540b1392f0c8ee4b6696aa7f53b890f0dc9ea99a3a0,"eutopic endometrium from patients without endometriosis, biological rep4",Gene expression data from eutopic endometrium,endothelium from normal control,control
GSM190404,https://www.ncbi.nlm.nih.gov/geo/query/acc.cgi?acc=GSM190404&targ=self&form=text&view=full,9b367113198e5591dc94e8698ec94a6509a47f7243189773b893c95af139030a,"eutopic endometrium from patients without endometriosis, biological rep5",Gene expression data from eutopic endometrium,endothelium from normal control,control
