gsm,label
GSM1899589,case
GSM1899590,case
GSM1899591,case
GSM1899592,case
GSM1899593,case
GSM1899594,control
GSM1899595,control
GSM1899596,control
GSM1899597,control
GSM1899598,control
GSM1899599,case
GSM1899600,case
GSM1899601,case
GSM1899602,case
GSM1899603,case
GSM1899604,control
GSM1899605,control
GSM1899606,control
GSM1899607,control
GSM1899608,case
GSM1899609,case
GSM1899610,case
GSM1899611,control
GSM1899612,control
GSM1899613,control
GSM1899614,control
GSM1899615,control
GSM1899616,case
GSM1899617,case
GSM1899618,case
GSM1899619,control
GSM1899620,control
GSM1899621,control
GSM1899622,control
GSM1899623,case
GSM1899624,case
GSM1899625,case
GSM1899626,control
GSM1899627,control
GSM1899628,control
GSM1899629,control
GSM1899630,control
GSM1899631,case
GSM1899632,case
GSM1899633,case
GSM1899634,control
GSM1899635,control
GSM1899636,control
GSM1899637,control
GSM1899638,control
