gene,mu,k,q,g,v,welch_p,agrees
LOC100507630,0.97636,4,2.6514e-07,,,,False
JSRP1,0.80821,6,3.6549e-07,,,,False
IGH,0.94463,4,3.6549e-07,,,,False
AMN,0.75945,7,7.1638e-07,0.3554567758859493,0.3143834064285493,0.4862210326744366,True
NPEPL1,0.87064,5,8.4616e-07,0.23274222389228438,0.31160723040005284,0.6866422836971682,True
LOC100507477,0.88217,4,2.7119e-06,,,,False
FUT7,0.71066,7,4.8965e-06,,,,False
IER2,0.69564,7,7.8853e-06,0.9017881163527681,0.34080157132362005,0.10099517446157986,True
LINC01118,0.84433,4,7.8853e-06,,,,False
PTER,-0.68935,7,9.8308e-06,0.3370472072665945,0.31389307182866377,0.5215856685392228,False
DUX4L24,0.81966,4,1.4363e-05,,,,False
RAX,0.67709,7,1.4363e-05,,,,False
DCDC2B,0.81486,4,1.7485e-05,0.530178921408864,0.3203349513971275,0.3805468241029701,True
GLP1R,0.66287,7,2.1764e-05,,,,False
TMTC4,-0.67668,6,3.569e-05,0.06415623577869663,0.3096821180849361,0.90532222254899,False
ERCC6L2,-0.68069,6,3.8876e-05,0.1476746655844808,0.3103625713259437,0.7934075211751924,False
CD79A,0.64462,7,4.5876e-05,0.6697742815919313,0.3267775629192706,0.20701848719913568,True
LILRA4,0.64234,7,4.8748e-05,,,,False
SSC4D,0.6556,6,6.9559e-05,-0.4458128701746518,0.31716800626278496,0.39600895162671246,False
SPTBN4,0.62833,7,7.8462e-05,0.0544537132435009,0.30963785594250204,0.9204419345470171,True
