gene,mu,k,q
LOC100507630,0.97636,4,2.6514e-07
JSRP1,0.80821,6,3.6549e-07
IGH,0.94463,4,3.6549e-07
AMN,0.75945,7,7.1638e-07
NPEPL1,0.87064,5,8.4616e-07
LOC100507477,0.88217,4,2.7119e-06
FUT7,0.71066,7,4.8965e-06
IER2,0.69564,7,7.8853e-06
LINC01118,0.84433,4,7.8853e-06
PTER,-0.68935,7,9.8308e-06
DUX4L24,0.81966,4,1.4363e-05
RAX,0.67709,7,1.4363e-05
DCDC2B,0.81486,4,1.7485e-05
GLP1R,0.66287,7,2.1764e-05
TMTC4,-0.67668,6,3.569e-05
ERCC6L2,-0.68069,6,3.8876e-05
CD79A,0.64462,7,4.5876e-05
LILRA4,0.64234,7,4.8748e-05
SSC4D,0.6556,6,6.9559e-05
SPTBN4,0.62833,7,7.8462e-05
