gene,discovery_mu,th1_g,th1_v,th1_welch_p,th1_agrees,th1_17_g,th17_g,status
LOC100507630,0.97636,,,,,,,not uniquely mapped or filtered
JSRP1,0.80821,0.4150904901357441,0.18724924503790452,0.3795112929834361,1,0.22218983426954433,0.6557437813335633,measured
IGH,0.94463,,,,,,,not uniquely mapped or filtered
AMN,0.75945,0.5773954956970604,0.1909102778435891,0.19555493311035987,1,0.035875659435369335,0.2685045738306272,measured
NPEPL1,0.87064,0.5018465178544496,0.18905719532157506,0.284419942812738,1,0.7009639838710151,1.0314836047052733,measured
LOC100507477,0.88217,,,,,,,not uniquely mapped or filtered
FUT7,0.71066,0.2802526813373597,0.18511836891053285,0.5395841501276648,1,0.03174156009371885,0.04062705863766099,measured
IER2,0.69564,-0.32366485517672067,0.18571421829870985,0.49236030475679105,0,0.3753322214862783,-0.4216603664148337,measured
LINC01118,0.84433,1.0351544054187387,0.20768662067555654,0.047553143528109756,1,-0.41688660262996646,0.45238033045094544,measured
PTER,-0.68935,0.7865444855099594,0.19739361123529076,0.10242522966114201,0,0.43276890037488724,0.1884605712055092,measured
DUX4L24,0.81966,,,,,,,not uniquely mapped or filtered
RAX,0.67709,,,,,,,not uniquely mapped or filtered
DCDC2B,0.81486,,,,,,,not uniquely mapped or filtered
GLP1R,0.66287,0.8807045795823039,0.20096152779917975,0.08065119046930884,1,-0.44701259980281344,0.3798372702311559,measured
TMTC4,-0.67668,0.5026464642993843,0.18907545760771224,0.27979844360816786,0,0.5435565137522517,0.3926221781731954,measured
ERCC6L2,-0.68069,0.3433857433311523,0.1860131917134035,0.46246898747209686,0,0.5300731616245474,-0.04975651251163624,measured
CD79A,0.64462,,,,,,,not uniquely mapped or filtered
LILRA4,0.64234,,,,,,,not uniquely mapped or filtered
SSC4D,0.6556,,,,,,,not uniquely mapped or filtered
SPTBN4,0.62833,0.300459547529241,0.1853850592356396,0.5078030374273785,1,0.3363741447618101,0.5191147419642141,measured
